52,4
accounting,3
action,429
activity,6
agreement,4
analysis,98
analystratings,38
appointment,40
bankruptcy,2
banks,5
bear,8
bearish,153
beat,2
behavior,115
behaviour,10
breakout,11
bull,42
bullish,282
business,2
buy,16
buyback,2
buyout,1
buyside,10
call,2
cash,2
central,5
communication,9
company,15
competition,1
conditions,3
contract,2
corporate,437
court,1
coverage,46
credit,2
currency,2
current,12
deal,21
demand,1
direction,3
discussion,1
dispute,1
divestment,2
dividend,47
downgrade,14
earnings,19
economy,7
executive,7
exisiting,1
expansion,3
extraordinary,1
failed,1
financial,44
flaws,2
flow,1
flows,1
fund,1
fundamentals,13
future,4
going,3
guidance,2
hacks,1
halt,2
high,6
hiring,2
in,1
insider,7
interest,1
investment,3
ipo,8
joint,2
lawsuit,6
legal,23
low,1
macd,1
market,65
meeting,1
merger,18
miss,1
model,1
monetary,2
mutual,1
new,3
off,2
options,12
outlook,2
overbought,1
oversold,7
partnership,4
planning,3
policy,41
position,48
pressure,1
price,446
product,28
profit,2
proposed,18
put,2
rate,1
rating,2
recall,23
regulatory,14
reorganization,3
reputation,8
reserves,1
results,19
risks,54
ruling,1
rumors,38
sale,1
sales,93
sanctions,1
scoop,10
sell,10
selling,19
services,1
settlement,4
share,2
short,17
shortfall,1
signal,48
snb,1
spread,2
staff,2
stochastic,1
stock,643
strategies,4
strategy,42
technical,98
trade,2
trading,1
trend,10
trending,3
unusual,4
unusually,1
up,6
upgrade,19
venture,2
volatility,35
volume,6
warning,2
week,4
withdrawn,1
