aa,1
aal,1
aapl,89
ab,19
abandons,1
abbv,1
abc,2
aberdeen,2
abov,1
acad,1
academics,1
accelerate,1
accrue,1
accumulate,2
accumulating,4
accumulation,6
accused,3
accuses,1
ace,2
acerta,7
acinvestorblog,2
ackman,2
acom,1
acquire,2
acquired,2
acquires,4
acquisition,8
acquisitions,4
across,1
act,1
actelion,2
acting,3
action,13
active,3
activision,1
actually,2
ad,1
adbe,3
add,3
added,14
adding,4
addon,1
adds,7
ades,2
admiral,3
admits,1
adobe,1
adsk,1
adults,1
advance,3
advanced,1
advert,2
advice,4
adx,2
aegn,1
aer,5
aet,1
affect,2
affects,2
affirms,2
afsi,1
afterhour,2
afternoon,2
agains,1
agencies,2
agency,3
agenda,1
aggreko,1
agn,3
ago,2
agree,4
agreement,2
agreements,2
agricultural,2
agu,1
ahead,12
ahs,1
aht,1
aims,2
air,3
airline,2
ak,1
aks,1
aldi,2
alert,2
alerts,4
ales,1
algeria,1
alibaba,2
alior,1
allan,1
allergen,2
alliance,3
allshare,2
allstarcharts,1
alltime,2
almost,7
along,2
alpha,1
alphabet,2
alphatrends,1
alr,1
already,2
also,9
although,1
altr,1
always,1
amazing,8
amazon,4
amazons,1
ambitions,2
amcn,1
amd,1
amended,2
america,1
american,6
amgn,1
amid,5
among,2
amrn,4
amtd,1
amzn,18
anaesthetics,2
analysishigh,1
analyst,10
analysts,3
andor,1
andrewnyquist,1
android,2
andy,1
anglo,1
angola,4
anheuserbusch,1
announce,3
announced,2
announcement,2
announces,9
annual,5
another,14
anyone,2
anything,2
ap,1
apparent,1
appealing,2
appetite,2
apple,19
applies,4
appoint,4
appointment,4
appoints,8
approach,2
approaches,2
approval,11
approve,3
approves,9
apr,1
april,3
arabian,1
aramco,1
area,13
areanext,2
argument,2
argus,1
aria,3
arm,11
arna,1
around,6
arrival,2
articles,1
asahi,3
ascending,7
asda,4
asdfllc,1
ashtead,6
asia,2
asian,2
asmb,1
asos,1
aspect,1
aspen,1
asset,5
assets,11
associated,1
asthma,4
astrazenec,1
astrazeneca,35
astrazenecas,5
astx,1
athn,1
att,1
attack,4
attacks,2
attempt,2
attempts,1
attracts,2
atvi,3
aug,2
australia,1
authentication,3
auto,3
autocharts,1
available,2
average,6
avg,2
avgo,1
aviva,14
avivas,2
avoidance,2
awaits,2
award,2
away,7
awful,4
awr,1
axa,4
axdx,1
axe,4
axes,1
axp,5
ba,2
baba,1
baby,2
bac,6
back,42
backburner,1
backs,8
bad,11
bae,4
baer,1
bag,1
bags,2
bailout,1
baird,3
balance,4
balfour,1
banco,3
bancorp,3
bancorpsouth,1
bancostheyre,2
bang,1
bank,17
banking,2
bankruptcy,2
banks,5
barclays,25
barratt,2
barrons,2
barronsonline,2
base,8
based,1
basing,4
basis,2
bat,1
battle,1
baxalta,12
bay,1
bb,3
bbby,2
bbcn,1
bbm,2
bbry,11
bbva,1
bc,1
bear,8
bearish,15
bears,3
beat,6
beaten,2
beatendown,1
beating,3
beatty,1
become,1
becoming,2
beer,3
beers,3
beginning,4
believe,2
bell,3
belt,2
belts,2
benchmark,4
berkshire,10
bes,2
best,6
beta,1
bets,2
better,3
betting,2
beverage,2
beyond,3
bg,15
bhp,11
bias,3
bib,1
bid,27
bidders,2
bidding,4
bids,3
big,28
biggest,3
biggies,2
bigmac,1
bilfinger,1
billion,43
billionplus,1
billionpound,2
billions,2
billiton,7
billitons,1
bingeeating,1
binkster,1
bioc,2
biotech,1
bita,1
bitter,1
biv,1
bk,1
black,2
blames,3
blast,2
bleeding,2
blessing,2
blinkbox,4
blip,2
blizzard,1
bln,15
bloated,2
blockchain,2
blood,1
bloomberg,2
blow,1
blows,2
blrx,1
blue,2
bman,1
bmo,3
bn,11
bno,1
bo,3
board,13
boardroom,2
boat,3
bob,1
bobe,1
bod,1
boeing,1
boerse,4
boerselse,4
bond,4
bonds,1
bone,1
book,3
booking,1
books,7
boost,15
boosted,5
boosts,4
borealis,1
bored,1
boss,5
bosss,1
bot,6
bottom,22
bottoming,2
bottoms,1
bought,12
bounce,31
bounced,2
bounces,3
bouncing,4
bout,2
bowl,1
bp,13
bphs,2
bpi,6
bpm,1
branding,2
brazil,3
brcm,2
breached,2
breadth,3
break,34
breakable,2
breakdown,2
breaking,21
breakingviews,1
breakou,1
breakout,45
breaks,6
breakup,4
brealout,1
breath,2
breather,2
brent,1
brewer,1
brewing,2
brexit,7
brian,1
brianwieser,1
bribery,2
brick,2
bricolage,4
bridge,1
briefaviva,1
briefing,1
brieflegal,1
bright,1
bring,2
bringing,2
britains,15
british,5
britvic,1
brkb,1
broad,2
broadband,2
broke,8
broken,9
broker,4
brokerage,2
brooklynbandit,1
bros,2
brother,1
brought,1
brse,5
brutal,2
brydon,1
bsx,1
bto,1
bubble,2
bucks,2
budget,3
buffett,1
buffetts,2
builder,1
building,3
builds,2
bulk,2
bull,12
bullhorn,1
bullish,33
bulls,11
bullya,1
bumping,2
bumpy,1
bunny,1
bunzl,1
buoyed,1
burberry,1
burgers,1
business,20
businesses,3
buy,98
buyable,2
buyback,2
buybacks,1
buyer,1
buyers,1
buying,10
buyout,4
buyprice,1
buys,16
bvhealthcare,1
bwld,2
bxs,1
bye,4
cable,1
cachet,1
cadbury,1
cadburys,1
cafn,1
cairn,1
caixabank,4
california,3
call,6
calling,2
calls,28
came,4
cameras,2
camt,1
canadas,4
canadian,1
cancer,16
candle,4
candlestick,1
cannot,1
capable,1
capita,1
capital,15
capped,1
caprelsa,2
caps,1
car,2
care,1
careful,5
cares,1
carl,2
carnival,1
carphone,5
carphones,1
cars,9
case,1
caseus,1
cash,14
cashcow,1
casinos,1
castle,2
cat,2
catalyst,4
catch,2
caterpillar,1
catskillfishing,1
cautions,1
cautious,1
cautiously,1
cbs,1
cc,2
cdti,1
celg,4
centrica,3
cents,1
ceo,33
ceos,1
cern,1
certain,1
cfo,1
cfrazierjr,1
cgrantwsj,1
chain,5
chairman,12
challendge,2
challenge,2
challenges,2
challenging,4
chance,2
change,4
changed,1
changes,2
channel,10
channelwill,1
charge,2
chart,30
chartered,10
chartereds,1
chartology,1
charts,14
chase,2
chases,2
chasing,2
chaudhuri,2
cheap,1
check,1
cheer,3
cherries,1
chessnwine,1
chevron,1
chief,12
chiefs,2
chime,1
china,12
chinas,3
chit,1
chkp,1
choice,1
christmas,7
chrm,1
chroark,1
chum,2
churning,1
cib,1
cien,2
cisco,2
citi,1
citigroup,3
citrix,1
city,2
claim,1
claims,5
clean,2
clear,1
cleared,2
clearing,2
clearly,1
clears,1
click,2
clients,3
cliff,2
climate,2
climb,6
climbs,9
clne,1
clockwork,1
close,41
closed,5
closer,2
closes,7
closing,5
closng,2
closures,1
cloud,1
clubcard,2
cmon,2
cnbc,1
cndo,1
cnnbrk,1
cnp,1
cnpc,2
cnpclosed,1
co,3
coca,1
cocacola,2
cog,1
coh,1
coincident,1
coke,2
cola,1
cold,4
collaboration,2
combination,1
comcasts,2
come,7
comes,2
comibinations,1
coming,11
commented,1
comments,2
commercial,2
commercialise,2
commodities,3
commodity,1
communications,1
companies,5
companiesab,1
companiesactelion,1
companiescar,1
companiesdiageo,1
companiesdixons,1
companiesfresnillo,1
companieshome,1
companieshoward,1
companieskingfisher,1
companieslse,1
companiesmeggitt,1
companiesnew,1
companiestesco,1
companiestravis,1
companiesunilever,1
company,19
comparable,2
comparatives,1
compared,1
compass,2
competition,4
complete,4
completed,1
completes,4
compliance,2
component,1
compq,1
compton,4
conagra,1
concern,1
concerns,4
concrete,2
conditions,4
conference,1
confidence,1
confident,2
confirmation,2
confirmed,2
confirms,2
conglomerate,4
congrats,3
connolly,2
connors,1
consecutive,2
consent,2
consider,1
considered,2
considering,5
considers,2
consistent,1
consolidate,5
consolidates,2
consolidating,2
consolidation,11
constitute,2
contest,2
continuation,6
continue,10
continues,16
continueskantar,1
continuing,4
contract,8
contracts,2
contractual,1
conviction,4
coo,2
cooperate,1
copper,2
copyright,2
core,3
cornering,1
corp,5
corporation,1
correctedshire,1
correction,1
correlation,1
correleation,2
cost,13
costco,3
costs,4
could,26
counter,1
couple,4
court,3
coutts,1
cover,1
covered,3
coz,2
cpgx,1
cpix,1
cpxx,1
cr,2
cracking,2
craft,1
cramers,1
crash,1
crazy,3
cream,2
create,2
created,4
creating,3
credit,6
cree,1
creep,1
creme,1
crest,2
crew,1
crh,4
crhs,1
crisis,1
criticised,2
critics,2
crk,1
crm,2
croda,1
cross,8
crossed,1
crossing,2
crossover,4
crossovers,2
crown,2
crox,1
crunching,2
crus,1
crushed,2
csco,3
csx,2
ctrp,4
ctxs,3
cup,2
cupandhandle,2
currencies,3
currency,3
current,2
currently,5
customer,5
customers,2
cut,11
cuts,7
cutting,2
cvx,1
cyber,3
cypress,1
cytx,1
daiichi,4
daily,22
dailymail,1
dairy,1
damage,2
dandyduct,1
dara,1
darn,2
dasan,1
data,1
datasecurity,1
daughters,2
david,5
davies,3
dax,1
day,45
days,13
db,2
dbo,1
dbs,1
dcth,1
ddd,2
dea,1
dead,1
deadline,1
deal,51
dealmakers,1
deals,5
debate,1
debenhams,1
debt,12
dec,1
decent,2
declares,2
decline,2
declining,2
decreased,1
deere,2
defect,2
defends,5
delay,2
delayed,2
delays,2
deliveries,4
delivers,2
delivery,1
demand,3
denied,2
denies,2
dent,2
departures,2
depresses,2
deputy,2
desano,2
descending,8
despite,6
destroyed,2
det,2
details,2
deutsche,17
devaluation,1
developing,2
development,2
dgi,1
dia,2
diabetes,1
diageo,6
dialog,1
diamond,1
didnt,3
different,2
diffuse,2
digital,7
digits,1
digs,2
dip,10
dipping,1
dips,9
direct,2
direction,2
directionshttpstkscosowg,1
director,3
directors,1
disappoint,3
disappoints,2
disaster,1
discloses,2
disclosure,2
discounters,4
disease,2
disgraceful,2
dish,1
dismisses,2
disorder,1
dispels,2
distant,2
distinctive,2
distribution,2
disturbing,1
div,1
dive,1
divergence,2
divest,2
divestment,1
divi,1
divide,2
divided,2
dividend,66
dividends,6
dixons,5
dj,1
dji,2
djia,2
dlerch,1
dma,8
dmnd,1
dnf,1
dnkn,1
dnn,1
doesnt,1
dog,2
dojiknows,1
dojis,2
dollar,3
dollars,1
domestic,2
dominance,2
dominos,1
donald,1
done,2
dont,11
doom,1
doomed,2
dos,3
double,15
doubled,2
doubledigit,1
doubts,1
dow,2
downgrade,6
downgraded,9
downgrades,4
downplay,2
downside,14
downtrend,3
downward,3
dpz,2
dragging,1
drags,1
drive,12
driving,3
drop,9
dropping,1
drops,10
drug,26
drugmaker,1
drugmakers,2
drugs,3
dt,4
due,4
dug,1
dumping,2
dumps,1
dundrum,2
dunelm,1
duo,1
dutch,4
dvax,1
dwa,1
dx,1
dxcm,1
dyax,2
ea,3
earl,1
early,12
earnings,29
earningslots,1
easter,1
easy,2
easyjet,10
ebay,3
ecalling,1
ecb,3
eclipse,2
ecommerce,2
econ,2
economy,3
edges,3
edu,1
effect,3
efficiency,2
efforts,2
efut,1
egan,2
eggs,1
eght,1
egyptian,2
eightday,2
either,5
electriccar,1
eli,1
eln,1
else,1
elsevier,1
em,2
ema,4
email,2
embrace,2
emc,1
emerge,2
emerging,1
emergingmarkets,2
emirates,2
empty,1
enbca,1
end,14
ended,2
ending,1
endo,2
endofday,1
endp,8
ends,2
energy,4
engadget,1
engagement,2
engine,1
engineering,1
england,2
engulfing,5
ennismore,2
enough,4
ensure,2
ent,1
entering,2
enterprise,2
entertainment,5
entrepreneur,1
entry,11
enuff,2
eod,3
eports,1
eps,6
equilibrium,2
equities,2
equity,1
equitybacked,2
er,2
erases,2
ero,1
ers,1
escape,2
esf,1
esi,1
especially,1
espn,1
esports,2
essence,2
estates,1
estimated,2
estimates,4
etc,1
ete,1
ethanol,1
etn,1
eu,6
euro,1
europe,2
european,3
europeans,1
euros,3
eurusd,1
evaluating,1
evasion,2
even,5
evenue,1
ever,3
every,2
everyday,1
everydaywhich,1
everyone,4
everyones,2
everything,2
ew,1
ewbc,1
exact,1
exas,2
exbarclays,1
exceed,4
excellent,1
excentrica,2
exchange,4
exclusivebp,1
excuse,1
executive,2
exit,7
exits,2
exp,2
expanding,3
expands,2
expansion,5
expe,1
expect,1
expectations,4
expected,8
expecting,4
expects,6
expenses,1
expensive,1
experience,2
experiencing,2
expiration,1
expiring,1
expiry,1
explain,1
explore,2
explores,2
explosive,2
exposure,4
exsec,2
extends,2
extension,4
extreme,1
extremely,2
exxon,3
exxonmobil,1
eye,4
eyeing,1
eyes,1
face,4
facebook,7
facebooks,2
faces,9
facilities,1
facilitieskeeping,2
facing,2
factored,1
factory,1
facts,2
fade,2
fail,2
failed,1
failing,2
failings,2
fails,1
fairpoint,1
faith,1
fakeout,2
fall,19
fallen,1
falling,10
fallondpicks,1
falls,13
false,2
family,1
fanfare,1
far,11
fargo,8
farms,2
fast,6
fastenal,1
faster,1
fastjet,1
faulty,3
favor,2
favorite,1
favours,1
faz,1
fb,43
fbr,1
fda,17
fears,12
feb,3
february,6
fedday,1
feds,1
fee,4
feed,1
feedftse,2
feedschroders,1
femsa,1
festive,3
fgl,1
fight,1
files,2
fill,5
filledlookin,1
finally,11
finance,3
financial,9
financing,2
find,6
finding,4
finds,1
fine,3
fined,2
finfiz,1
fing,1
fingers,1
finish,1
finished,2
fintech,1
fio,4
fire,2
firm,4
firms,2
first,13
firsthalf,1
firstquarter,3
fishy,1
fisv,1
fitch,1
fitzstock,1
fix,1
flag,5
flagged,2
flagging,1
flagship,1
flashing,2
flat,3
flati,2
fletchtrade,1
float,4
floats,1
floor,1
flow,5
flush,1
flushed,1
fly,2
fmcn,1
fms,1
fo,1
focus,2
fokker,2
follow,7
followed,1
following,4
food,2
foods,1
foothold,2
footing,2
force,3
forces,2
forecast,3
forecasts,7
foreign,1
forever,1
forex,4
forges,2
forget,2
form,2
former,4
forming,2
forward,5
foul,1
found,2
foundation,2
founder,1
fouryear,2
fragile,2
frame,1
france,1
free,3
fresh,2
friday,7
friends,6
frp,1
frvan,1
ft,2
ftc,1
ftcnobody,1
fti,1
ftse,38
fuelling,1
full,4
fullyear,3
fund,2
fundam,1
fundementals,2
funding,1
fundredemption,1
funds,2
funny,1
fusioniq,1
future,3
fxe,2
fy,2
gain,6
gainers,4
gaining,3
gains,23
gainsadvances,2
gakrum,1
gale,1
game,2
games,1
gap,12
gapping,2
gardner,2
gas,5
gasoline,2
gate,1
gatecrash,2
gavin,2
gazprom,1
gazpromshell,1
gdx,3
gdxj,1
ge,1
general,9
generally,1
generals,1
generic,1
germanwings,1
germany,4
germanys,2
get,20
gets,10
gettin,3
getting,23
gevo,1
giant,1
gild,7
gilead,1
gilligans,3
giraffe,2
give,2
gives,3
gkn,1
glad,3
glaxos,1
glaxosmithkline,5
glaxosmithklines,1
gld,3
glencore,14
gleneagles,2
global,7
glut,1
gmcr,3
gme,1
gnrc,1
go,29
goals,2
god,1
goes,10
gogo,1
going,22
gold,5
golden,1
goldman,3
golupdating,1
gone,2
gonna,2
good,40
goodid,1
goodwin,1
goog,11
googl,10
google,4
got,13
gotta,3
government,2
gpro,2
gps,1
great,18
greek,2
green,20
greene,1
grew,1
grid,1
grinds,1
grocer,2
grocery,4
grolsch,3
gross,2
group,28
groupon,1
groups,1
grow,9
growing,5
grows,2
growth,36
grpn,2
gs,9
gsk,8
gtat,1
gte,1
guac,1
guaranteed,1
guess,5
guidance,4
guide,3
gundlach,2
guy,1
gvp,1
gwr,1
gww,1
gyrating,1
ha,1
hacking,1
haha,2
hails,1
hal,1
half,7
halfahair,2
halliburton,1
hammer,4
hammered,1
hammerson,1
handle,5
handou,1
handout,1
handset,1
hang,1
hangin,1
hanging,4
happen,1
happened,1
happens,1
happy,3
hard,4
hargreaves,2
harmongreg,1
harrison,1
hastings,1
hat,1
hated,2
hathaway,3
hathaways,2
hattersley,2
havent,1
hcp,1
hd,1
hdge,1
hdsi,1
head,16
headed,2
heading,6
heads,3
headshoulders,2
headwindsbullish,1
healthcare,2
hearing,2
heart,1
heartburn,1
heats,4
hedge,2
hedging,1
heed,2
heeeeeere,1
held,7
hello,1
help,2
helps,1
hemphill,2
herd,1
herelong,1
heresold,2
hhhmm,1
high,38
higher,48
highs,23
hike,6
hikes,3
hillier,2
hillshire,1
hilower,1
hires,6
historical,2
historically,1
hit,24
hitk,1
hits,3
hitting,7
hk,2
hlf,1
hod,19
hodshould,2
holcim,4
hold,11
holding,9
holdings,6
holy,1
home,3
homebuilders,1
homes,1
hong,3
hope,2
hopefully,1
hopes,1
hopeturock,1
hoping,2
horizontal,4
horizonte,1
horrible,2
hospitalized,4
hostile,2
hot,3
hotel,2
hotels,3
hought,1
hour,1
hourly,1
hours,1
house,2
housebuilder,1
housing,2
hover,2
howard,2
however,1
hpq,1
hrl,1
hrs,1
hs,2
hsbc,7
hsc,1
httpchartlyakvujxh,1
httpchartlybeyt,1
httpchartlylgbrr,1
httpchartlylhatn,1
httpchartlymlv,1
httpchartlynospq,1
httpchartlyxbhb,1
httpstcobdneknl,1
httpstcobfwsdbmu,1
httpstcobgvintkh,1
httpstcobiqlbtk,1
httpstcobizyabue,1
httpstcobjcski,1
httpstcobmvhcrwrea,1
httpstcocllmpinm,1
httpstcocscnzebb,1
httpstcocvkojkxn,1
httpstcocxahjixd,1
httpstcoczcfkbrlt,1
httpstcoczhixtuag,1
httpstcodevnlkhqtz,1
httpstcodnhhgvv,1
httpstcodqfuzozylh,1
httpstcodrbanunu,1
httpstcodsjysyr,1
httpstcoeafbvuqgp,1
httpstcoeqqltfuiou,1
httpstcoextzrriyp,1
httpstcofaatoqlw,1
httpstcofacnhtt,1
httpstcofdxaegi,1
httpstcofemhjtamqj,1
httpstcofpdqjutha,1
httpstcofpfbytypuy,1
httpstcoggneayzqn,1
httpstcogioofzbkv,1
httpstcogprzujfc,1
httpstcogyadbjsq,1
httpstcohboudrb,1
httpstcohfklqwobv,1
httpstcohhmxsitwm,1
httpstcohmoegfhgvn,1
httpstcohqtqxou,1
httpstcohsqdovry,1
httpstcohvqxpzg,1
httpstcohzwdpza,1
httpstcoimkygocyc,1
httpstcoimlxzyna,1
httpstcoiridzdgc,1
httpstcoiuzjelfwt,1
httpstcoiylcugabc,1
httpstcojdnzxdcmkl,1
httpstcojeplmzqkgw,1
httpstcojfnnx,1
httpstcojgwzzc,1
httpstcojhqpwmn,1
httpstcojjvjibia,1
httpstcojlgrprrk,1
httpstcojnbcvdcu,1
httpstcojndphllzq,1
httpstcojrcfcxly,1
httpstcojspuszona,1
httpstcojuhtsm,1
httpstcojvxqdoxnp,1
httpstcokjzuzmu,1
httpstcokpbbcgqxy,1
httpstcolguybxeze,1
httpstcoljnxpevhzn,1
httpstcolkldmvkbq,1
httpstcolmwxchw,1
httpstcolsahepdqhd,1
httpstcolxxtknfh,1
httpstcombkhbkzk,1
httpstcomhobzurmx,1
httpstcomkmemtadt,1
httpstcompylireqjh,1
httpstcomrbgfdhhva,1
httpstconjxmnrglo,1
httpstconkwecrba,1
httpstconlczawdohp,1
httpstconpakcugs,1
httpstconxbplje,1
httpstconxlxesny,1
httpstcooaloirijl,1
httpstcoodpranxq,1
httpstcooktcwyib,1
httpstcoolwcdxmbr,1
httpstcoprcbtvvy,1
httpstcoqbsowjxost,1
httpstcoqciiyo,1
httpstcoqqlevvwpmv,1
httpstcoquysrqfox,1
httpstcoqxbkobphe,1
httpstcoreufpzhbm,1
httpstcosabxcsncd,1
httpstcosedqrwgdkt,1
httpstcosxzuno,1
httpstcotajfchqh,1
httpstcotckqznmiqx,1
httpstcotdgjedllz,1
httpstcotdneoh,1
httpstcoteaexxpe,1
httpstcothfvwtnrps,1
httpstcotjjvpqhhqd,1
httpstcotkmqvwhqq,1
httpstcotohleqfk,1
httpstcotqmmtnx,1
httpstcottmrnfoxj,1
httpstcouoefjlop,1
httpstcouvmmrsrzy,1
httpstcovahhjacbfg,1
httpstcovkydwpxesn,1
httpstcovlkqflp,1
httpstcovlzlgvihzv,1
httpstcovmdmxi,1
httpstcovtppzyuy,1
httpstcovttzpis,1
httpstcovvpzqcxsnj,1
httpstcovxfuuit,1
httpstcovxtamnpk,1
httpstcowcqfptn,1
httpstcowmypnomjf,1
httpstcowqqhkoy,1
httpstcoxcngwstq,1
httpstcoxdgraexkkz,1
httpstcoxfnicwebeg,1
httpstcoxgwnont,1
httpstcoxklzuik,1
httpstcoxvnbliwpy,1
httpstcoycnclcbimv,1
httpstcoyejuscmlc,1
httpstcoyfajcusqa,1
httpstcoyvydncdndi,1
httpstcozbkvstl,1
httpstcozgczakeu,1
httpstcozjertkch,1
httpstcozmdgfbi,1
httpstcozqbxald,1
httpstcozwhthsvfsf,1
httpstkscoadpo,1
httpstkscoagn,1
httpstkscoaix,1
httpstkscoaktu,1
httpstkscoatglooks,1
httpstkscoawz,1
httpstkscobdqv,1
httpstkscobeu,1
httpstkscobkd,1
httpstkscoboh,1
httpstkscobsvh,1
httpstkscobue,1
httpstkscocetw,1
httpstkscocivx,1
httpstkscocmf,1
httpstkscocnu,1
httpstkscocols,1
httpstkscocqkr,1
httpstkscocqrm,1
httpstkscocsr,1
httpstkscocsu,1
httpstkscocyn,1
httpstkscoczg,1
httpstkscodedm,1
httpstkscodlz,1
httpstkscodqx,1
httpstkscodrhf,1
httpstkscodzu,1
httpstkscoe,1
httpstkscoedfp,1
httpstkscoeh,1
httpstkscoeik,1
httpstkscoeil,1
httpstkscoeovw,1
httpstkscoepx,1
httpstkscoexta,1
httpstkscoexvu,1
httpstkscofcm,1
httpstkscofdmm,1
httpstkscoffgj,1
httpstkscoffn,1
httpstkscofp,1
httpstkscofr,1
httpstkscofvvu,1
httpstkscofyco,1
httpstkscoga,1
httpstkscogbsh,1
httpstkscogcqd,1
httpstkscogft,1
httpstkscoggcq,1
httpstkscoghjc,1
httpstkscogls,1
httpstkscogoan,1
httpstkscogtc,1
httpstkscogx,1
httpstkscohcpj,1
httpstkscohvv,1
httpstkscoicj,1
httpstkscoifpo,1
httpstkscoiggh,1
httpstkscoipvj,1
httpstkscoirf,1
httpstkscoit,1
httpstkscoitr,1
httpstkscojawg,1
httpstkscojkuf,1
httpstkscojpbn,1
httpstkscojqfb,1
httpstkscojqt,2
httpstkscojqw,1
httpstkscojr,1
httpstkscojrmw,1
httpstkscojtdf,1
httpstkscojuu,1
httpstkscokj,1
httpstkscokkk,1
httpstkscokm,1
httpstkscoldx,1
httpstkscolpz,1
httpstkscoly,1
httpstkscomir,1
httpstkscomw,1
httpstksconbf,1
httpstksconfei,1
httpstksconv,1
httpstkscooi,1
httpstkscoony,1
httpstkscoow,1
httpstkscooxy,1
httpstkscopa,1
httpstkscophz,1
httpstkscopqy,1
httpstkscopvp,1
httpstkscoqfg,1
httpstkscoqjau,1
httpstkscoqsal,1
httpstkscoqta,1
httpstkscoqwff,1
httpstkscoqzzx,1
httpstkscorcet,1
httpstkscordu,1
httpstkscorebn,1
httpstkscorfh,1
httpstkscorjc,1
httpstkscorkkm,1
httpstkscorra,1
httpstkscors,1
httpstkscorus,1
httpstkscoseqc,1
httpstkscosiln,1
httpstkscosiyn,1
httpstkscosny,1
httpstkscospdf,1
httpstkscosz,1
httpstkscotad,1
httpstkscotboi,1
httpstkscotcse,1
httpstkscotju,1
httpstkscotmu,1
httpstkscotqp,1
httpstkscotrg,1
httpstkscotsr,1
httpstkscottah,1
httpstkscotvel,1
httpstkscotxx,1
httpstkscotzt,1
httpstkscour,1
httpstkscoxyf,1
httpstkscoyye,1
httpstkscozwe,1
huge,4
hun,1
hundreds,1
hunt,4
hurdl,1
hurdle,1
hurt,2
hurting,2
hyg,1
hznp,1
iaci,1
iag,2
ibb,2
ibio,1
ibm,2
ice,8
icoa,2
id,6
idcc,1
idea,3
ie,1
iff,1
ifhedieshedies,1
ige,1
ignore,2
igrid,1
ii,1
ill,1
illegal,2
ilmn,2
im,17
image,2
imagine,1
imho,1
imo,6
impacts,1
imperial,1
implement,1
implies,2
important,3
imporvement,2
impressed,2
impressive,4
improbe,1
improving,4
imrs,1
inbev,20
inbevs,4
inc,8
incentive,1
inches,1
incl,1
include,1
including,1
income,3
increase,8
increased,2
increases,10
increasing,1
incy,2
index,6
indexes,1
india,2
indicates,1
indicating,2
indicator,4
indicators,4
indices,2
industrial,1
industry,2
infected,2
infection,1
infrastructure,1
infringement,2
infusion,1
ingenious,1
initiated,2
injectable,2
inks,1
innovation,2
ino,5
inovio,3
inside,2
insiders,1
insight,1
inspection,1
instill,1
insurance,7
insurer,4
insurers,1
intact,3
intactevenif,1
intc,3
integrated,2
integration,2
intercontinental,3
interest,9
interested,2
interim,4
interims,2
intermediate,2
internal,2
internals,2
international,4
internet,2
intertek,2
intract,2
intraday,10
intu,1
intuitiv,1
intuitive,1
invalidated,2
inve,1
inverse,2
inverted,2
investigate,1
investigation,3
investing,4
investment,2
investor,5
investorplace,1
investors,12
involving,1
ip,1
ipad,4
iphone,7
ipo,12
ipscaling,1
iran,2
irdm,1
irelands,2
iressa,2
irish,2
iron,2
irregularitie,1
irregularities,1
isabel,2
ish,1
island,3
isnt,2
isolationism,2
isoray,1
isr,1
isrg,6
issue,3
issues,3
italy,2
itll,1
itv,7
ive,1
iwc,1
iwm,9
iyt,1
james,1
jan,4
january,2
japans,2
jd,1
jdst,1
je,1
jefferies,1
jeffries,2
jeopardy,1
jim,1
jimcramer,1
jkhy,1
jmho,1
jnk,1
jnpr,2
jnug,1
jobs,7
joe,1
joemccann,1
joerazorback,1
john,2
johnson,5
joins,6
joint,7
jointly,2
jones,2
journal,1
jp,2
jpmorgans,2
judge,3
julius,1
july,4
jumbo,1
jump,9
jumps,12
jun,1
june,1
junior,1
juniper,2
jury,2
justifies,1
jv,1
jwn,2
kaman,1
kantar,2
kara,2
kbkiwi,1
kcg,1
keep,9
keeping,3
keeps,3
keith,1
kengeter,1
kep,1
kept,1
key,12
kgc,1
killing,2
kinder,1
kindle,1
kinds,2
kingfisher,8
kings,1
kior,1
kipa,2
kirin,2
kirst,2
kitd,1
kjepeneter,1
kkd,1
kndi,3
knives,2
know,3
knows,1
ko,3
kong,3
kors,1
kraft,1
kraftheinz,1
labu,2
lack,1
lafarge,4
lags,4
laid,2
land,1
lands,2
langs,1
lansdown,2
large,5
largest,3
last,18
latch,1
lately,1
later,2
latest,2
launch,4
launches,4
laurence,2
law,4
lawsuit,4
lazada,2
lead,10
leader,2
leaders,2
leadership,1
leads,14
leaning,2
leap,4
leaps,3
least,2
leave,2
leaves,2
led,3
lee,2
leerink,1
left,1
leg,1
legal,11
lehman,4
lemann,1
lender,2
less,3
let,1
lets,9
letter,1
letting,4
leukaemia,1
level,11
levels,4
lewis,1
lg,2
liability,2
libyan,2
licenses,2
licensing,2
lidl,2
life,14
lift,6
lifted,2
lifts,11
light,2
like,39
likely,5
likes,1
liking,3
lilly,1
limit,2
limited,5
lin,1
line,16
lines,2
lingers,1
lingus,5
lining,2
linkedin,2
liquid,2
liquidations,1
liquidity,2
listing,4
little,8
lizard,1
lloyds,5
lloydspharmacy,2
lly,1
lmt,1
lng,3
lnkd,3
lnt,1
lo,1
loaded,2
loading,3
loan,1
locked,2
lockheed,1
loco,1
lol,9
london,12
long,100
longbow,1
longed,2
longer,2
longerterm,1
longpos,1
longs,3
longscongratsanother,2
lonmin,2
look,13
looked,2
looking,37
looks,34
looms,1
loooooongggggg,2
lose,2
losers,1
loses,2
losing,2
loss,10
losses,1
lost,4
lot,4
lots,6
louiebeene,1
lousy,2
love,4
lovin,1
low,15
lowcost,2
lowe,1
lower,30
lows,17
loyal,2
loyalty,5
lpg,1
lscc,1
lse,10
lsedeutsche,3
lt,1
lucky,2
lufthansa,2
lulu,4
lunchtime,1
lung,5
lures,1
luv,1
lvs,1
mac,2
macd,18
machines,2
macquarie,2
macrumors,1
made,4
maglan,1
mail,12
maintains,2
major,12
majority,2
majors,1
make,7
maker,3
making,10
mako,1
malware,2
management,4
manchester,1
manipulation,1
manufacturing,2
many,4
march,9
marchin,1
margins,3
marjo,1
marke,1
market,40
marketresearch,1
markets,17
marketsbp,1
marketsshire,2
marketwatch,1
marks,2
marriage,1
martin,1
mas,2
massive,2
mastered,3
mat,1
matter,1
matthey,5
may,20
maybe,5
mbly,2
mcd,2
mcdonalds,1
mcfarlane,1
mcp,1
means,5
meantime,2
media,2
mediacityuk,2
medically,2
medimmune,1
medium,1
meet,2
meeting,1
meets,2
megaas,1
megadeals,1
meggitt,2
meltdown,3
members,1
memo,2
men,1
merchant,1
merchants,1
merged,2
merger,22
merkels,1
metal,2
metals,3
metalszinc,2
mettlertoledo,1
mflx,1
mg,2
michael,1
micron,2
microsoft,2
mid,3
middle,2
might,13
miguel,1
mike,2
military,2
milk,2
mill,1
millercoors,2
million,17
min,10
mind,1
miners,2
mini,2
mining,3
minister,2
mins,2
minute,5
miracle,1
mismanagement,1
miss,2
missed,2
misses,5
mitk,1
mixed,3
mizuho,2
mkt,4
mln,10
mm,2
mobile,1
mode,2
model,36
modelx,2
moment,3
momentum,8
momo,1
monday,9
mondi,2
money,8
month,9
monthly,3
months,3
mood,1
morgan,3
morning,20
morris,1
morrisons,13
mortgage,2
mos,1
moteltan,1
motiva,2
motors,7
mount,2
mountain,2
mouth,1
movantik,4
move,24
moved,2
movement,3
movers,2
moves,8
movewill,1
moving,13
mpwr,1
mr,4
mrkt,2
ms,3
msft,7
mt,1
mtd,1
mtnoy,1
mu,4
much,11
mugatushair,1
mulling,2
mulls,2
multi,1
multiasset,2
must,5
musthave,2
mutual,3
mww,2
mxwl,1
mylan,1
mylans,1
name,2
names,9
nand,1
nasdaq,2
nasdboy,1
national,1
naturalgas,1
navb,1
nbcuniversal,2
nbl,1
nd,3
ndquarter,1
ndx,4
near,20
nearing,2
nearly,4
nears,1
necessary,1
need,2
needs,10
neeeeds,1
negative,1
neighbouring,2
nem,2
neon,1
nervous,2
net,5
netapp,1
netflix,2
networks,1
neutral,5
new,73
news,11
newsmorrisons,1
newswolseley,1
next,28
nflx,17
ngl,1
nibbling,2
nice,31
nicely,6
nickel,2
night,1
nihd,1
nikkei,1
nine,1
nish,2
nke,3
noc,1
nod,2
nok,1
nomura,1
noncore,2
norske,2
north,3
norway,2
notable,3
note,2
nothing,2
noticed,1
nov,1
novartis,4
november,2
nowwill,1
nps,5
nq,1
nqf,1
nr,1
nsm,1
ntap,3
ntls,1
nuan,1
nugt,2
numbers,5
nvda,1
nvestor,1
nya,1
nyse,3
nyseba,1
obj,1
obvious,1
ocbc,1
ocn,1
ocwen,1
odays,1
ofcom,2
offer,17
offers,6
office,2
officer,4
ofix,1
oh,1
oi,2
oil,15
oils,1
okays,1
old,2
omes,1
omnis,2
one,22
onemain,2
ong,1
online,2
ont,1
ontinues,1
onty,1
ooks,1
opec,1
open,8
opened,1
opens,2
opensource,2
operating,4
operational,2
opinion,1
opportunity,1
opposite,1
opt,1
optimism,2
optimistic,2
option,5
options,6
orcl,2
order,4
orders,2
ore,2
origin,2
orphan,1
osur,1
otherwise,2
ouch,1
outcome,1
outflows,1
outlining,2
outlook,7
outpacing,1
outperform,12
outperforms,2
output,1
outside,1
overbought,8
overhead,2
overproduction,1
oversold,12
overvalued,2
overweight,2
owner,5
ownership,2
pace,3
packs,2
pad,2
painful,2
panel,1
panic,2
parent,2
pares,2
parser,2
part,5
parties,1
partner,3
partnered,1
partners,4
party,4
passenger,1
passengers,3
passive,1
past,1
patent,1
patient,2
pattern,10
paul,4
pay,14
paying,2
payout,4
pays,3
pc,4
pcln,5
pct,10
pds,1
peace,2
pearson,6
penalties,2
penny,2
pension,2
pensions,1
people,2
per,2
percen,3
percent,13
period,2
perkins,2
peroni,3
perrigo,2
persimmon,4
perspective,1
peter,1
petrobras,2
petrofac,2
petrol,2
pfizer,1
pg,1
ph,1
pharma,7
pharmaceuticals,2
phase,3
phew,1
philip,1
philippines,1
phys,1
picked,3
pickers,2
picking,2
picks,5
pickup,2
pierrules,1
pile,2
pill,2
pinned,1
piper,4
pipleline,1
pips,2
pivot,4
pivotal,3
pizza,1
pkt,1
place,6
plan,14
plans,9
platform,2
play,14
player,2
players,2
plc,37
plcs,2
please,1
pledges,1
plnr,1
plug,2
plumber,2
plunge,6
plunging,2
plus,5
pm,4
pnc,2
po,1
poaches,6
point,14
points,4
poised,9
policy,2
pollution,1
pollux,1
poopoo,2
poor,2
poors,1
pop,15
poppin,1
popping,3
portland,1
pos,6
position,24
positions,2
positive,17
possibility,1
possible,9
possibly,1
post,6
postal,2
poste,1
posted,2
postions,1
posts,5
potentia,1
potential,21
potts,1
pound,2
pounded,2
pouring,2
powered,2
ppg,1
ppl,1
pragmatic,1
pre,2
predictions,1
prefer,1
prefriends,1
premarket,4
premier,2
premium,3
preparing,2
presents,1
press,1
pressure,7
pressures,2
pretty,8
previous,3
prgn,1
price,94
priced,1
pricelines,1
prices,7
pricey,1
pricier,1
pricing,1
pride,1
primark,1
primed,1
print,1
prints,1
private,2
prlb,1
probability,2
probable,1
probably,2
probe,3
problem,2
problems,2
process,1
product,2
production,3
products,1
professional,1
profi,1
profit,27
profitability,2
profitable,3
profits,16
program,4
programmatic,2
programs,2
progress,3
project,1
promises,1
promising,1
promotes,2
prompt,2
property,4
proposed,3
proposes,2
proprietary,2
prosecution,2
prospect,2
proven,2
providence,2
provider,1
proving,2
prudential,5
prudentials,2
pt,9
public,1
pull,4
pullback,2
pullbacktime,1
pulling,2
pulls,2
pump,1
punishing,1
purchase,2
purdy,1
pure,2
pursue,2
pursuit,3
push,6
pushing,3
put,17
puts,9
putting,2
pvt,1
pwc,1
pypl,2
qcom,4
qcor,3
qe,1
qihu,2
qnx,2
qqq,9
qtrs,1
qualcomm,2
quality,1
qualitytastiness,1
quarter,12
quarterly,6
quarters,1
quench,1
questcor,1
questioned,1
questions,2
quick,5
quickly,2
quite,1
quits,2
ra,1
race,2
racks,1
rad,2
radars,1
raid,4
raiguel,2
rail,2
raise,4
raised,3
raises,9
raising,4
rake,2
rallied,1
rallies,4
rally,15
rallying,2
randgold,1
range,6
ranging,2
ranjan,2
rapid,2
rapidly,1
rare,4
rate,2
rated,4
rates,4
ratewould,1
rating,22
ratings,10
ratingsnetwork,2
ratio,1
ray,2
rbc,1
rbi,1
rbs,16
rcon,1
rd,4
rdc,1
reach,2
reaches,1
read,1
ready,18
readytarget,1
real,5
realistic,2
really,3
reargument,2
reason,1
rebound,2
rebuf,1
rebuff,1
rebuffal,2
recall,24
recalling,7
recalls,18
recap,1
recaptured,1
receive,2
received,2
receives,9
recent,6
recommendation,2
record,10
recover,3
recovery,4
reczakaria,1
red,7
redhot,2
redtogreen,2
reduced,1
reed,1
reenter,3
refileaviva,1
refilehikma,1
refileupdate,1
regains,2
regular,1
regulation,2
regulator,8
regulators,1
regulatory,6
reinstate,2
reiterated,5
reiterates,4
reject,3
rejected,3
rejecting,2
rejection,2
rejects,2
rejoicing,4
related,1
relative,3
relatively,2
relentless,2
reliability,2
relief,1
reluctant,1
remain,7
remaining,2
remains,2
reminder,1
ren,1
renatta,1
renewal,2
renewed,1
renews,1
renn,1
replace,4
report,16
reported,2
reportedly,2
reporting,1
reports,13
repurchase,2
res,2
rescue,2
research,10
reserves,2
reshape,4
resilient,2
resist,1
resistance,36
reslilience,2
resolve,1
resolved,1
respiratory,2
rest,2
restructuring,4
results,13
resume,2
resumes,1
resuming,2
retail,7
retailers,1
retake,1
retest,2
retested,2
retirement,1
retracement,1
retreats,3
return,2
returns,1
retweet,1
reuters,1
rev,1
revenue,20
revenues,1
reversal,6
reversals,1
reversinglooks,1
reviews,2
revs,2
rewards,3
rg,2
ride,5
rig,3
right,20
rights,8
rimm,1
rio,4
ripe,2
riproaring,2
ris,2
rise,26
risers,2
rises,9
rising,2
risk,5
risks,2
rival,6
rivals,6
rnn,3
robbielolz,1
robot,1
rock,2
rocket,3
rogers,1
roiled,1
roll,2
rolling,3
rolls,1
rollsroyce,2
romosozumab,1
roof,2
room,2
rose,4
ross,1
rost,2
rough,1
rout,3
row,6
rowan,2
roy,2
royal,13
royalties,1
rptl,1
rptold,1
rs,1
rsa,3
rsh,1
rsi,22
rsol,1
rt,17
rules,1
ruling,1
rumor,7
rumors,4
rumours,4
run,19
runner,2
running,1
runs,3
runup,2
russ,1
russian,1
rut,1
rxii,1
ryanair,1
ryandetrick,1
ryder,2
ryl,1
sab,2
sabmiller,30
sabmillers,8
sabs,1
sachs,3
sad,1
safety,2
sage,1
said,8
sainsbury,4
sainsburys,4
sale,7
sales,94
saltwaternurse,1
samarco,2
sammy,1
san,1
sanctions,2
sandbagged,2
sandberg,2
sankyo,4
sanofi,6
santos,3
sap,1
saudi,2
save,4
savings,1
saw,2
say,1
saying,1
says,20
sbrcy,1
sbux,15
scaling,1
scan,2
scandal,1
scenario,1
schapiro,2
schroders,1
scientist,2
scottish,2
scottrade,1
scrap,2
scrappy,1
scraps,2
scty,1
sdlp,1
sdrl,1
sds,2
sea,1
seals,2
search,1
season,1
seat,10
seatbelt,1
seats,1
second,5
secto,1
sector,5
secure,5
securities,1
security,3
see,37
seeing,2
seeks,6
seems,6
seen,3
sees,14
sell,49
seller,2
sellers,2
selling,8
sellingshorting,1
selloff,2
sells,22
semiconductor,2
semis,2
send,1
sending,1
sensex,2
sent,2
sentiment,1
sep,1
sept,1
september,2
serco,1
server,2
service,3
services,3
set,17
setback,2
sets,3
setting,4
settle,2
settlement,4
settles,4
settling,2
setup,25
several,6
severe,1
severn,4
sfo,1
sgyp,1
shakes,2
shaping,2
share,70
shared,1
shareholder,2
shareholders,8
shares,42
sharestocknews,1
shareswill,1
shark,2
sharkbiotech,1
sharp,2
sheet,2
shell,14
shellbg,2
shells,3
sherlock,1
sheryl,2
shetland,2
shift,1
shifting,1
shifts,2
ship,4
shipments,2
shire,15
shires,4
sho,1
shock,1
shore,2
shorscaling,1
short,76
shortable,1
shortableat,1
shorting,4
shorts,28
shortterm,1
shot,3
shoulders,4
show,4
showing,4
shows,4
shs,1
shuts,2
side,3
sidelines,1
sideways,2
sierra,1
siga,1
sight,2
sightshort,2
sign,6
signa,1
signal,28
signaled,2
signaling,1
signals,5
significant,5
signs,4
silicon,2
silver,1
similar,1
simo,1
simply,2
sina,1
since,16
singapore,1
single,3
sink,3
sinking,2
sir,2
siri,2
siriusxm,1
sit,1
site,2
sits,2
sitting,1
size,2
skeoch,1
skeptical,4
skepticism,2
skf,1
skh,1
skids,1
skinned,2
sks,1
skx,1
sky,1
slammed,2
slams,3
slapped,2
slashes,4
slashing,2
slid,3
slide,3
slides,6
sliding,1
slight,2
slip,1
slips,1
slope,2
slow,3
slowe,2
slowing,4
slowly,6
slump,5
slumps,4
slv,2
slw,1
sma,8
small,17
smallcaps,2
smaller,3
smart,1
smartphone,2
smh,3
smi,2
smiths,1
sml,1
snap,3
snapback,1
sndk,1
snow,1
soar,1
soars,3
social,1
soda,1
soft,2
software,2
sold,6
sole,2
solid,12
solo,2
solution,2
solutions,1
someone,4
somewhat,1
sonc,1
soon,9
sooncheri,1
sophos,1
soullor,1
sounds,2
source,2
sources,2
sox,1
soybased,2
sp,2
spains,2
speaker,1
speaking,1
spear,1
special,2
speed,5
speedy,2
spencer,1
spending,1
spent,1
spike,2
spillrelated,2
spinning,2
spirits,3
sports,1
spot,1
sppibuilding,1
spread,3
spreads,2
springleaf,2
spx,2
spy,41
sql,2
squeeze,3
ss,2
ssripaas,1
ssys,1
st,3
stability,1
stabler,1
staff,2
stake,20
stakes,1
stalk,2
stalls,1
stalwarts,2
stamp,1
stanchart,4
stand,1
standard,18
stands,1
star,3
starbucks,9
stars,3
start,10
started,1
starting,7
starts,3
starwood,2
state,1
states,1
statoil,3
status,1
stay,2
staying,4
stays,1
steadies,3
steadily,2
steady,13
steam,2
steaming,2
steel,3
steep,2
stelios,1
stellar,1
step,5
steps,2
steve,1
stg,2
stifel,3
stiff,3
still,57
stk,1
sto,2
stoch,2
stochastic,6
stochastics,2
stock,43
stockdemons,1
stockmarket,2
stockoptionexpert,1
stocks,23
stocktrading,1
stocktwits,2
stole,1
stop,6
stopped,2
store,2
stores,6
story,3
straddle,1
strategic,4
strategies,1
strategy,10
strattonite,1
streak,1
streaming,1
streamlining,1
street,7
streetinsider,1
strength,6
stress,4
strip,2
strong,32
strongest,1
strongly,2
structure,3
struggle,2
studies,1
study,4
stuff,1
stumbled,1
stx,3
style,1
stz,1
subdued,2
submit,2
subscribers,2
success,3
successor,2
sudden,1
suddenly,1
sue,4
sued,4
sues,1
suffers,2
suisse,2
super,2
supermarket,1
supermarkets,1
supply,4
support,40
supported,2
supports,2
supreme,1
sure,2
surge,3
surges,8
surgical,1
surging,2
surprise,5
surprised,5
surprises,1
surprising,1
surveillance,2
suspect,2
suspend,2
suspended,2
suspends,2
suvs,11
swap,2
sweepers,1
sweet,1
swing,4
swings,3
swks,1
swy,1
symantec,2
symc,1
synergy,3
systems,5
systemss,1
table,2
tagrisso,2
tail,1
take,29
takeda,3
taken,1
takeover,27
takes,1
taking,7
talk,4
talking,2
talks,4
talktalk,3
tally,2
tang,1
tank,3
tanking,2
target,19
targeting,1
targets,4
taste,1
tata,1
tax,4
taylor,1
team,2
teams,2
tech,4
technical,15
technically,2
technicals,1
technik,1
technologies,2
technology,2
teflon,1
tell,1
tender,2
tension,2
tentative,1
term,15
terminal,2
tesco,35
tescos,1
tesla,22
teslas,1
test,14
testing,4
tests,2
teva,1
th,3
thank,1
thats,4
theacsman,1
therapy,1
thered,2
theres,1
thestreet,1
thetrainlinecom,1
thiam,2
thing,2
think,20
thinks,2
third,4
thirdrow,3
thirst,1
thisits,1
thmeh,1
though,5
thought,1
thoughts,1
thread,1
threat,4
threatening,1
three,2
threemonth,2
threeyear,2
thru,4
thursday,2
thursdays,1
ticker,1
ticket,1
ties,2
tieup,6
til,1
timberrrr,2
time,35
timely,1
times,4
timing,4
tinto,4
tips,4
tlt,1
tmtanalyst,1
tnh,1
toast,2
tobacco,5
today,60
todays,12
todaytomorrow,2
together,4
told,4
toll,2
tomhend,1
tomorrow,14
ton,1
tonight,1
took,5
top,12
topline,2
topping,1
toppy,2
tops,3
total,3
totalguru,1
totally,1
touch,3
tough,9
tournament,1
touting,1
towards,2
tower,2
towergates,2
toxic,1
traceyryniec,1
track,6
traction,2
trade,16
tradeideas,1
trader,7
traders,3
trades,2
trading,12
traditional,1
traffic,2
trailing,2
trails,1
transocean,1
transports,1
traps,2
travel,1
travis,1
treasurys,2
treat,1
treatment,3
trend,10
trending,3
trendline,6
trends,2
trent,4
triangle,9
trigger,2
triggers,3
trims,2
trip,2
tripadvisor,1
tripolibased,1
trlpc,1
trouble,6
trow,1
trumpets,1
trustee,2
trx,1
try,2
trying,4
tsco,1
tsla,65
tspt,1
tsrandall,1
ttt,1
tue,2
tuesday,1
tuition,2
tullow,2
tumble,2
tumbles,8
turmoil,2
turn,5
turnaround,4
turned,3
turning,4
turns,2
tvix,1
tweet,1
twitter,3
two,7
twofactor,2
twtr,9
txrh,1
tyc,1
type,1
types,1
typhoon,1
tza,2
tzoo,1
ubi,1
ubnt,1
ubs,1
ucb,1
udn,1
ugaz,1
uk,25
uks,7
ulta,1
umm,1
unchanged,1
underlying,6
underperform,2
underpins,1
understanding,2
undervalued,2
underwhelming,1
underwritten,2
unilever,3
unit,17
united,2
units,5
unless,2
unlikely,2
unspectacular,2
untrue,2
unture,2
unusual,1
unveil,2
unveils,2
unxl,1
update,29
updates,2
upgrade,9
upgraded,10
upgrades,9
upgrading,2
upholds,1
uplong,1
upon,1
upper,4
ups,6
upside,19
upstream,2
uptrend,6
upward,3
us,12
use,1
user,2
users,1
using,2
uso,2
usual,2
usually,1
utility,1
utsi,1
uup,3
uvxy,3
vale,1
valeant,4
validating,2
valuation,2
value,2
vegastrader,1
vehicles,4
venture,6
venue,2
verizon,2
version,1
versus,2
vertex,1
vetr,1
via,13
videostreaming,2
view,2
viewership,2
views,1
viiv,3
vips,1
vision,1
vivus,1
vix,1
vmarkets,1
vmw,1
vnet,1
vnoto,1
vol,8
volatile,3
volatility,8
volc,1
volume,24
voluntary,2
vote,3
vrtx,2
vs,1
vvus,2
vwap,4
vxx,4
vyvanse,2
vz,4
wac,2
wait,3
waiting,2
walden,2
wall,6
walter,1
want,8
wants,5
war,3
warn,2
warning,4
warren,1
washout,2
wasnt,2
watch,17
watching,6
watchlist,2
watco,1
water,2
wave,1
waves,2
way,12
wayyy,2
wdc,2
weak,18
weakening,2
weaker,2
weakest,4
weakness,3
wealth,3
wedge,2
wednesday,2
week,35
weeklies,1
weekly,14
weeks,9
weigh,1
weighing,2
weighs,2
weir,1
well,13
wells,8
went,6
wfm,1
wft,1
wgos,1
whats,3
whitbread,4
whos,1
wid,1
wilshire,2
wimpey,1
win,7
windows,2
winner,2
winners,2
wins,5
wipes,2
wish,1
withdraw,2
within,2
without,2
withstand,2
wittine,1
witty,1
wk,1
wkly,3
wks,1
wmb,1
wmt,3
wonderful,1
wont,5
wood,1
word,2
work,1
worker,2
working,6
works,2
worlds,1
worries,5
worse,2
worst,2
worth,4
worthless,1
would,14
wouldnt,5
wow,2
wpp,5
wrong,4
wti,1
wwg,1
wwwdailystockplayscom,2
wx,1
wyn,1
wynn,3
xbox,1
xlb,1
xle,1
xlf,3
xli,1
xmas,2
ya,4
yahoo,6
yahoofinance,2
yahoos,1
yang,1
yeah,2
year,27
years,4
yelp,2
yes,1
yesterday,10
yesterdaylooking,1
yesterdays,1
yet,9
yetwhen,1
yhoo,13
yielders,1
ymi,1
yndx,2
yoku,1
yomiuri,1
youd,1
yoy,1
yr,2
yrendthats,1
zagg,1
znga,4
zone,7
zs,6
zsl,1
zurich,1
